{"0": [31.212545389352844, 0.5382578524470416, 0.799706288359382, 0.7045288531775018], "1": [0.8028853604959887, 0.6864499634769905, 0.7070758505301042, 0.7410518626734843], "2": [0.6072230356377225, 0.7787618699780862, 0.7945532419464805, 0.7023374726077429], "3": [0.499979886551236, 0.8121804236669101, 0.7310938130725514, 0.7655222790357925], "4": [0.37152185498975043, 0.864590942293645, 0.791812387379733, 0.760409057706355], "5": [0.28684774907522426, 0.8970964207450693, 0.9020518904382532, 0.7574872169466764], "6": [0.2028457758038543, 0.9268626734842951, 1.0620331086895682, 0.74981738495252], "7": [0.15157802221040392, 0.9487764791818846, 1.1913892382925206, 0.758217677136596], "8": [0.11219736513530099, 0.9649379108838568, 1.2279656421054492, 0.756391526661797], "9": [0.07614277894500383, 0.9783601168736303, 1.4593704776330427, 0.7490869247626004], "10": [0.055644736538619496, 0.9841124908692477, 1.59691922231154, 0.74981738495252], "11": [0.05400209449404894, 0.9869430241051863, 1.718205446546728, 0.7571219868517166], "12": [0.05732017306091134, 0.9830168005843681, 1.6826778867027976, 0.7531044558071585], "13": [0.06679643543307172, 0.9789992695398101, 1.7416074763644824, 0.7443389335281227], "14": [0.03169094753819843, 0.9918736303871439, 1.9703278812495144, 0.7578524470416362], "15": [0.021593777711914723, 0.9955259313367422, 1.9196864637461575, 0.7571219868517166], "16": [0.0232634870768633, 0.9948867786705624, 2.1177652098915796, 0.7552958363769174], "17": [0.018323653856790516, 0.9962563915266618, 2.163387965072285, 0.7275383491599707], "18": [0.026562104329228575, 0.9941563184806428, 2.288917351852764, 0.7593133674214755], "19": [0.025369142401465324, 0.9932432432432432, 2.292867026545785, 0.752008765522279], "20": [0.011911333622519187, 0.997808619430241, 2.231494529680772, 0.7472607742878014], "21": [0.015639746499377803, 0.9967129291453616, 2.375442862510681, 0.7593133674214755], "22": [0.009976918003684299, 0.9981738495252008, 2.344162892211567, 0.7509130752373996], "23": [0.020776717735421953, 0.9950693937180424, 2.4121419191360474, 0.7611395178962747], "24": [0.05047719175710754, 0.9843864134404675, 2.412330757487904, 0.724981738495252], "25": [0.04861884215456802, 0.9836559532505479, 2.3418336402286184, 0.7414170927684441], "26": [0.04015273820110705, 0.987582176771366, 2.4296206561001865, 0.752008765522279], "27": [0.015727007428595667, 0.9951607012417824, 2.678866050460122, 0.7538349159970782], "28": [0.01076896503692233, 0.9976260043827612, 2.8071921088478784, 0.7615047479912345], "29": [0.010007526089307354, 0.9981738495252008, 2.6975001909516076, 0.760409057706355], "30": [0.008492594058246374, 0.9981738495252008, 2.6773906404321846, 0.7585829072315559], "31": [0.015236362182740989, 0.9961650840029218, 2.7292726961049167, 0.7505478451424398], "32": [0.018537339689426644, 0.9947954711468225, 2.7413441918113013, 0.7454346238130022], "33": [0.030333453138578183, 0.9926040905770636, 2.770056990059939, 0.7538349159970782], "34": [0.04972991062501489, 0.9862125639152666, 3.0124851790341465, 0.7465303140978816], "35": [0.0440286711037029, 0.9860299488677867, 2.7860369140451606, 0.7560262965668371], "36": [0.02241069076414935, 0.9925127830533236, 2.803590026768771, 0.7560262965668371], "37": [0.023876069304479157, 0.9939737034331629, 2.82807116616856, 0.75018261504748], "38": [0.017241795277926898, 0.9950693937180424, 2.9433080933310767, 0.7490869247626004], "39": [0.009392116758241427, 0.9974433893352812, 3.0293179154396057, 0.7556610664718773], "40": [0.009033443047164203, 0.9982651570489408, 3.070741577581926, 0.7494521548575602], "41": [0.0023962519743119712, 0.9997260774287802, 3.1329907829111274, 0.7600438276113952], "42": [0.001603976066436126, 0.99981738495252, 3.2423809495839206, 0.7633308984660336], "43": [0.000768498752307117, 0.99990869247626, 3.341490160335194, 0.7622352081811541], "44": [0.0015355565858129034, 0.99990869247626, 3.243603153662248, 0.7611395178962747], "45": [0.0008656105312057175, 0.99990869247626, 3.3662016933614556, 0.7636961285609934], "46": [0.0013602360357803855, 0.99990869247626, 3.297194540500641, 0.7618699780861943], "47": [0.0008299929158119782, 0.99990869247626, 3.3627536296844482, 0.7618699780861943], "48": [0.0016046917380028686, 0.99981738495252, 3.3471744494004683, 0.7626004382761139], "49": [0.0009653976633058466, 0.99990869247626, 3.3308026682246816, 0.7629656683710738]}