{"0": [101.28456677946933, 0.48968224981738495, 1.9318840232762424, 0.48940832724616506], "1": [1.455886344576991, 0.5025566106647188, 1.1140392287210985, 0.49196493791088386], "2": [1.0811546839946924, 0.5043827611395179, 1.0956512120637028, 0.4967129291453616], "3": [1.0430085728334826, 0.5210007304601899, 1.0695058432492344, 0.5032870708546384], "4": [1.0241044912227364, 0.533418553688824, 1.0680863613432103, 0.5310445580715851], "5": [0.9965697145739267, 0.5618151935719503, 1.0032368329438297, 0.589481373265157], "6": [0.9689232048600219, 0.5861943024105186, 0.9499461975964633, 0.6219868517165814], "7": [0.9174487632374431, 0.614682249817385, 0.8973799835551869, 0.6654492330168006], "8": [0.8745470975720605, 0.6462746530314097, 0.9319865026257255, 0.5938641344046749], "9": [0.8405971090460933, 0.662344777209642, 0.871585336598483, 0.6577794010226443], "10": [0.7880043387413025, 0.6926588750913075, 0.7919395403428511, 0.7213294375456537], "11": [0.7488485089568204, 0.7161249086924762, 0.757643764669245, 0.7143900657414171], "12": [0.722904784734859, 0.7239773557341125, 0.8016444823958657, 0.7176771365960555], "13": [0.7154357627380726, 0.7324689554419284, 0.7212222868745978, 0.7414170927684441], "14": [0.6795178374578786, 0.7463476990504018, 0.7033279511061582, 0.7567567567567568], "15": [0.6698598466640295, 0.7487216946676406, 0.7045766792514108, 0.7534696859021184], "16": [0.652608739428742, 0.7531957633308984, 0.7076508592475544, 0.7523739956172388], "17": [0.6545140992763431, 0.7509130752373996, 0.7719175788489255, 0.7173119065010957], "18": [0.623468876578087, 0.7614134404674945, 0.7210480245676908, 0.752008765522279], "19": [0.6200138559175092, 0.7594959824689554, 0.8440506160259247, 0.6953981008035062], "20": [0.6090131866377454, 0.7669831994156319, 0.7036622627214952, 0.7651570489408327], "21": [0.5924368105655493, 0.7734660336011687, 0.7319797548380765, 0.739590942293645], "22": [0.575743148839751, 0.7802227903579255, 0.6755559539253061, 0.7655222790357925], "23": [0.566014849862387, 0.785336011687363, 0.6819601627913389, 0.7702702702702703], "24": [0.5434056101150291, 0.793918918918919, 0.680720180273056, 0.7710007304601899], "25": [0.5498221842355506, 0.7909057706355004, 0.6716924011707306, 0.7717311906501095], "26": [0.5315570138221564, 0.7970233747260774, 0.6805960698561235, 0.7739225712198685], "27": [0.5201964409545411, 0.8031409788166545, 0.6972777166149833, 0.7702702702702703], "28": [0.5091043558231619, 0.8077063550036523, 0.6808020946654406, 0.7647918188458729], "29": [0.49548819938371347, 0.8157414170927685, 0.6917137584903024, 0.7804967129291454], "30": [0.4954217668882636, 0.8150109569028487, 0.7216927273706957, 0.7468955441928415], "31": [0.4774103410715281, 0.8199415631848064, 0.7911576276475732, 0.7089116143170198], "32": [0.48176482285177985, 0.8132761139517897, 0.6955638893625953, 0.7607742878013148], "33": [0.4684785524773043, 0.8203981008035062, 0.7210075624964454, 0.7783053323593864], "34": [0.4424092322587967, 0.8337289992695398, 0.6731528070839968, 0.7885317750182615], "35": [0.4318272651628006, 0.8382030679327976, 0.7785920243371617, 0.7355734112490869], "36": [0.44219091967787855, 0.8331811541271, 0.686362236738205, 0.7779401022644266], "37": [0.4141115958607474, 0.8466033601168736, 0.710538154298609, 0.7786705624543463], "38": [0.4082805427700974, 0.8439554419284149, 0.726003110408783, 0.760409057706355], "39": [0.3826673197191815, 0.8588385682980277, 0.7052019130099904, 0.7830533235938641], "40": [0.39460245363934093, 0.8498904309715121, 0.9697456847537648, 0.6782322863403945], "41": [0.38106400346340136, 0.8564645726807889, 0.7155229733748869, 0.7914536157779402], "42": [0.3526469193572222, 0.8634039444850256, 0.7229097268798135, 0.7907231555880204], "43": [0.3484602494295253, 0.8678780131482834, 0.7249238802628084, 0.7881665449233016], "44": [0.32391612127769825, 0.8789262235208181, 0.7157933915203268, 0.7837837837837838], "45": [0.3173454495709996, 0.8799306062819576, 0.8111807731064883, 0.7574872169466764], "46": [0.31535762340523477, 0.8855916727538349, 0.7372494204477831, 0.7768444119795471], "47": [0.31927884993858113, 0.8781044558071585, 0.8200563233007084, 0.7731921110299489], "48": [0.302197509900082, 0.8910701241782323, 0.7826255505735223, 0.7567567567567568], "49": [0.2994877708166145, 0.8866873630387144, 0.7811527848243713, 0.7845142439737034]}